Domain Code,Domain,Area Code (M49),Area,Element Code,Element,Item Code,Item,Year Code,Year,Unit,Value,Flag,Flag Description
"CAHD","Cost and Affordability of a Healthy Diet (CoAHD)","008","Albania","6226","Value","7004","Cost of a healthy diet (PPP dollar per person per day)","2021","2021","PPP dollar per person per day","4.388","E","Estimated value"
"CAHD","Cost and Affordability of a Healthy Diet (CoAHD)","012","Algeria","6226","Value","7004","Cost of a healthy diet (PPP dollar per person per day)","2021","2021","PPP dollar per person per day","4.043","E","Estimated value"
"CAHD","Cost and Affordability of a Healthy Diet (CoAHD)","024","Angola","6226","Value","7004","Cost of a healthy diet (PPP dollar per person per day)","2021","2021","PPP dollar per person per day","5.031","E","Estimated value"
"CAHD","Cost and Affordability of a Healthy Diet (CoAHD)","028","Antigua and Barbuda","6226","Value","7004","Cost of a healthy diet (PPP dollar per person per day)","2021","2021","PPP dollar per person per day","4.684","E","Estimated value"
"CAHD","Cost and Affordability of a Healthy Diet (CoAHD)","032","Argentina","6226","Value","7004","Cost of a healthy diet (PPP dollar per person per day)","2021","2021","PPP dollar per person per day","","Q","Missing value; suppressed"
"CAHD","Cost and Affordability of a Healthy Diet (CoAHD)","051","Armenia","6226","Value","7004","Cost of a healthy diet (PPP dollar per person per day)","2021","2021","PPP dollar per person per day","3.527","E","Estimated value"
"CAHD","Cost and Affordability of a Healthy Diet (CoAHD)","533","Aruba","6226","Value","7004","Cost of a healthy diet (PPP dollar per person per day)","2021","2021","PPP dollar per person per day","4.116","E","Estimated value"
"CAHD","Cost and Affordability of a Healthy Diet (CoAHD)","036","Australia","6226","Value","7004","Cost of a healthy diet (PPP dollar per person per day)","2021","2021","PPP dollar per person per day","2.437","E","Estimated value"
"CAHD","Cost and Affordability of a Healthy Diet (CoAHD)","040","Austria","6226","Value","7004","Cost of a healthy diet (PPP dollar per person per day)","2021","2021","PPP dollar per person per day","3.027","E","Estimated value"
"CAHD","Cost and Affordability of a Healthy Diet (CoAHD)","031","Azerbaijan","6226","Value","7004","Cost of a healthy diet (PPP dollar per person per day)","2021","2021","PPP dollar per person per day","2.69","E","Estimated value"
"CAHD","Cost and Affordability of a Healthy Diet (CoAHD)","044","Bahamas","6226","Value","7004","Cost of a healthy diet (PPP dollar per person per day)","2021","2021","PPP dollar per person per day","4.661","E","Estimated value"
"CAHD","Cost and Affordability of a Healthy Diet (CoAHD)","048","Bahrain","6226","Value","7004","Cost of a healthy diet (PPP dollar per person per day)","2021","2021","PPP dollar per person per day","4.036","E","Estimated value"
"CAHD","Cost and Affordability of a Healthy Diet (CoAHD)","050","Bangladesh","6226","Value","7004","Cost of a healthy diet (PPP dollar per person per day)","2021","2021","PPP dollar per person per day","3.201","E","Estimated value"
"CAHD","Cost and Affordability of a Healthy Diet (CoAHD)","112","Belarus","6226","Value","7004","Cost of a healthy diet (PPP dollar per person per day)","2021","2021","PPP dollar per person per day","3.471","E","Estimated value"
"CAHD","Cost and Affordability of a Healthy Diet (CoAHD)","056","Belgium","6226","Value","7004","Cost of a healthy diet (PPP dollar per person per day)","2021","2021","PPP dollar per person per day","3.125","E","Estimated value"
"CAHD","Cost and Affordability of a Healthy Diet (CoAHD)","084","Belize","6226","Value","7004","Cost of a healthy diet (PPP dollar per person per day)","2021","2021","PPP dollar per person per day","2.797","E","Estimated value"
"CAHD","Cost and Affordability of a Healthy Diet (CoAHD)","204","Benin","6226","Value","7004","Cost of a healthy diet (PPP dollar per person per day)","2021","2021","PPP dollar per person per day","4.041","E","Estimated value"
"CAHD","Cost and Affordability of a Healthy Diet (CoAHD)","060","Bermuda","6226","Value","7004","Cost of a healthy diet (PPP dollar per person per day)","2021","2021","PPP dollar per person per day","3.395","E","Estimated value"
"CAHD","Cost and Affordability of a Healthy Diet (CoAHD)","064","Bhutan","6226","Value","7004","Cost of a healthy diet (PPP dollar per person per day)","2021","2021","PPP dollar per person per day","5.339","E","Estimated value"
"CAHD","Cost and Affordability of a Healthy Diet (CoAHD)","068","Bolivia (Plurinational State of)","6226","Value","7004","Cost of a healthy diet (PPP dollar per person per day)","2021","2021","PPP dollar per person per day","3.927","E","Estimated value"
"CAHD","Cost and Affordability of a Healthy Diet (CoAHD)","070","Bosnia and Herzegovina","6226","Value","7004","Cost of a healthy diet (PPP dollar per person per day)","2021","2021","PPP dollar per person per day","4.105","E","Estimated value"
"CAHD","Cost and Affordability of a Healthy Diet (CoAHD)","072","Botswana","6226","Value","7004","Cost of a healthy diet (PPP dollar per person per day)","2021","2021","PPP dollar per person per day","3.829","E","Estimated value"
"CAHD","Cost and Affordability of a Healthy Diet (CoAHD)","076","Brazil","6226","Value","7004","Cost of a healthy diet (PPP dollar per person per day)","2021","2021","PPP dollar per person per day","3.35","E","Estimated value"
"CAHD","Cost and Affordability of a Healthy Diet (CoAHD)","092","British Virgin Islands","6226","Value","7004","Cost of a healthy diet (PPP dollar per person per day)","2021","2021","PPP dollar per person per day","3.425","E","Estimated value"
"CAHD","Cost and Affordability of a Healthy Diet (CoAHD)","096","Brunei Darussalam","6226","Value","7004","Cost of a healthy diet (PPP dollar per person per day)","2021","2021","PPP dollar per person per day","4.641","E","Estimated value"
"CAHD","Cost and Affordability of a Healthy Diet (CoAHD)","100","Bulgaria","6226","Value","7004","Cost of a healthy diet (PPP dollar per person per day)","2021","2021","PPP dollar per person per day","4.151","E","Estimated value"
"CAHD","Cost and Affordability of a Healthy Diet (CoAHD)","854","Burkina Faso","6226","Value","7004","Cost of a healthy diet (PPP dollar per person per day)","2021","2021","PPP dollar per person per day","3.611","E","Estimated value"
"CAHD","Cost and Affordability of a Healthy Diet (CoAHD)","108","Burundi","6226","Value","7004","Cost of a healthy diet (PPP dollar per person per day)","2021","2021","PPP dollar per person per day","3.138","E","Estimated value"
"CAHD","Cost and Affordability of a Healthy Diet (CoAHD)","132","Cabo Verde","6226","Value","7004","Cost of a healthy diet (PPP dollar per person per day)","2021","2021","PPP dollar per person per day","3.683","E","Estimated value"
"CAHD","Cost and Affordability of a Healthy Diet (CoAHD)","116","Cambodia","6226","Value","7004","Cost of a healthy diet (PPP dollar per person per day)","2021","2021","PPP dollar per person per day","4.064","E","Estimated value"
"CAHD","Cost and Affordability of a Healthy Diet (CoAHD)","120","Cameroon","6226","Value","7004","Cost of a healthy diet (PPP dollar per person per day)","2021","2021","PPP dollar per person per day","2.997","E","Estimated value"
"CAHD","Cost and Affordability of a Healthy Diet (CoAHD)","124","Canada","6226","Value","7004","Cost of a healthy diet (PPP dollar per person per day)","2021","2021","PPP dollar per person per day","3.065","E","Estimated value"
"CAHD","Cost and Affordability of a Healthy Diet (CoAHD)","136","Cayman Islands","6226","Value","7004","Cost of a healthy diet (PPP dollar per person per day)","2021","2021","PPP dollar per person per day","3.05","E","Estimated value"
"CAHD","Cost and Affordability of a Healthy Diet (CoAHD)","140","Central African Republic","6226","Value","7004","Cost of a healthy diet (PPP dollar per person per day)","2021","2021","PPP dollar per person per day","3.784","E","Estimated value"
"CAHD","Cost and Affordability of a Healthy Diet (CoAHD)","148","Chad","6226","Value","7004","Cost of a healthy diet (PPP dollar per person per day)","2021","2021","PPP dollar per person per day","2.941","E","Estimated value"
"CAHD","Cost and Affordability of a Healthy Diet (CoAHD)","152","Chile","6226","Value","7004","Cost of a healthy diet (PPP dollar per person per day)","2021","2021","PPP dollar per person per day","3.387","E","Estimated value"
"CAHD","Cost and Affordability of a Healthy Diet (CoAHD)","344","China, Hong Kong SAR","6226","Value","7004","Cost of a healthy diet (PPP dollar per person per day)","2021","2021","PPP dollar per person per day","4.718","E","Estimated value"
"CAHD","Cost and Affordability of a Healthy Diet (CoAHD)","156","China, mainland","6226","Value","7004","Cost of a healthy diet (PPP dollar per person per day)","2021","2021","PPP dollar per person per day","2.96","E","Estimated value"
"CAHD","Cost and Affordability of a Healthy Diet (CoAHD)","158","China, Taiwan Province of","6226","Value","7004","Cost of a healthy diet (PPP dollar per person per day)","2021","2021","PPP dollar per person per day","","O","Missing value"
"CAHD","Cost and Affordability of a Healthy Diet (CoAHD)","170","Colombia","6226","Value","7004","Cost of a healthy diet (PPP dollar per person per day)","2021","2021","PPP dollar per person per day","3.301","E","Estimated value"
"CAHD","Cost and Affordability of a Healthy Diet (CoAHD)","178","Congo","6226","Value","7004","Cost of a healthy diet (PPP dollar per person per day)","2021","2021","PPP dollar per person per day","3.626","E","Estimated value"
"CAHD","Cost and Affordability of a Healthy Diet (CoAHD)","188","Costa Rica","6226","Value","7004","Cost of a healthy diet (PPP dollar per person per day)","2021","2021","PPP dollar per person per day","3.925","E","Estimated value"
"CAHD","Cost and Affordability of a Healthy Diet (CoAHD)","384","Côte d'Ivoire","6226","Value","7004","Cost of a healthy diet (PPP dollar per person per day)","2021","2021","PPP dollar per person per day","3.909","E","Estimated value"
"CAHD","Cost and Affordability of a Healthy Diet (CoAHD)","191","Croatia","6226","Value","7004","Cost of a healthy diet (PPP dollar per person per day)","2021","2021","PPP dollar per person per day","4.29","E","Estimated value"
"CAHD","Cost and Affordability of a Healthy Diet (CoAHD)","531","Curaçao","6226","Value","7004","Cost of a healthy diet (PPP dollar per person per day)","2021","2021","PPP dollar per person per day","3.495","E","Estimated value"
"CAHD","Cost and Affordability of a Healthy Diet (CoAHD)","196","Cyprus","6226","Value","7004","Cost of a healthy diet (PPP dollar per person per day)","2021","2021","PPP dollar per person per day","2.955","E","Estimated value"
"CAHD","Cost and Affordability of a Healthy Diet (CoAHD)","203","Czechia","6226","Value","7004","Cost of a healthy diet (PPP dollar per person per day)","2021","2021","PPP dollar per person per day","2.985","E","Estimated value"
"CAHD","Cost and Affordability of a Healthy Diet (CoAHD)","180","Democratic Republic of the Congo","6226","Value","7004","Cost of a healthy diet (PPP dollar per person per day)","2021","2021","PPP dollar per person per day","2.253","E","Estimated value"
"CAHD","Cost and Affordability of a Healthy Diet (CoAHD)","208","Denmark","6226","Value","7004","Cost of a healthy diet (PPP dollar per person per day)","2021","2021","PPP dollar per person per day","2.5","E","Estimated value"
"CAHD","Cost and Affordability of a Healthy Diet (CoAHD)","262","Djibouti","6226","Value","7004","Cost of a healthy diet (PPP dollar per person per day)","2021","2021","PPP dollar per person per day","3.25","E","Estimated value"
"CAHD","Cost and Affordability of a Healthy Diet (CoAHD)","212","Dominica","6226","Value","7004","Cost of a healthy diet (PPP dollar per person per day)","2021","2021","PPP dollar per person per day","4.561","E","Estimated value"
"CAHD","Cost and Affordability of a Healthy Diet (CoAHD)","214","Dominican Republic","6226","Value","7004","Cost of a healthy diet (PPP dollar per person per day)","2021","2021","PPP dollar per person per day","4.128","E","Estimated value"
"CAHD","Cost and Affordability of a Healthy Diet (CoAHD)","218","Ecuador","6226","Value","7004","Cost of a healthy diet (PPP dollar per person per day)","2021","2021","PPP dollar per person per day","3.035","E","Estimated value"
"CAHD","Cost and Affordability of a Healthy Diet (CoAHD)","818","Egypt","6226","Value","7004","Cost of a healthy diet (PPP dollar per person per day)","2021","2021","PPP dollar per person per day","3.506","E","Estimated value"
"CAHD","Cost and Affordability of a Healthy Diet (CoAHD)","226","Equatorial Guinea","6226","Value","7004","Cost of a healthy diet (PPP dollar per person per day)","2021","2021","PPP dollar per person per day","3.751","E","Estimated value"
"CAHD","Cost and Affordability of a Healthy Diet (CoAHD)","233","Estonia","6226","Value","7004","Cost of a healthy diet (PPP dollar per person per day)","2021","2021","PPP dollar per person per day","3.29","E","Estimated value"
"CAHD","Cost and Affordability of a Healthy Diet (CoAHD)","748","Eswatini","6226","Value","7004","Cost of a healthy diet (PPP dollar per person per day)","2021","2021","PPP dollar per person per day","3.537","E","Estimated value"
"CAHD","Cost and Affordability of a Healthy Diet (CoAHD)","231","Ethiopia","6226","Value","7004","Cost of a healthy diet (PPP dollar per person per day)","2021","2021","PPP dollar per person per day","3.706","E","Estimated value"
"CAHD","Cost and Affordability of a Healthy Diet (CoAHD)","242","Fiji","6226","Value","7004","Cost of a healthy diet (PPP dollar per person per day)","2021","2021","PPP dollar per person per day","4.358","E","Estimated value"
"CAHD","Cost and Affordability of a Healthy Diet (CoAHD)","246","Finland","6226","Value","7004","Cost of a healthy diet (PPP dollar per person per day)","2021","2021","PPP dollar per person per day","2.716","E","Estimated value"
"CAHD","Cost and Affordability of a Healthy Diet (CoAHD)","250","France","6226","Value","7004","Cost of a healthy diet (PPP dollar per person per day)","2021","2021","PPP dollar per person per day","3.254","E","Estimated value"
"CAHD","Cost and Affordability of a Healthy Diet (CoAHD)","266","Gabon","6226","Value","7004","Cost of a healthy diet (PPP dollar per person per day)","2021","2021","PPP dollar per person per day","3.704","E","Estimated value"
"CAHD","Cost and Affordability of a Healthy Diet (CoAHD)","270","Gambia","6226","Value","7004","Cost of a healthy diet (PPP dollar per person per day)","2021","2021","PPP dollar per person per day","3.324","E","Estimated value"
"CAHD","Cost and Affordability of a Healthy Diet (CoAHD)","276","Germany","6226","Value","7004","Cost of a healthy diet (PPP dollar per person per day)","2021","2021","PPP dollar per person per day","3.082","E","Estimated value"
"CAHD","Cost and Affordability of a Healthy Diet (CoAHD)","288","Ghana","6226","Value","7004","Cost of a healthy diet (PPP dollar per person per day)","2021","2021","PPP dollar per person per day","4.237","E","Estimated value"
"CAHD","Cost and Affordability of a Healthy Diet (CoAHD)","300","Greece","6226","Value","7004","Cost of a healthy diet (PPP dollar per person per day)","2021","2021","PPP dollar per person per day","3.174","E","Estimated value"
"CAHD","Cost and Affordability of a Healthy Diet (CoAHD)","308","Grenada","6226","Value","7004","Cost of a healthy diet (PPP dollar per person per day)","2021","2021","PPP dollar per person per day","6.097","E","Estimated value"
"CAHD","Cost and Affordability of a Healthy Diet (CoAHD)","324","Guinea","6226","Value","7004","Cost of a healthy diet (PPP dollar per person per day)","2021","2021","PPP dollar per person per day","4.443","E","Estimated value"
"CAHD","Cost and Affordability of a Healthy Diet (CoAHD)","624","Guinea-Bissau","6226","Value","7004","Cost of a healthy diet (PPP dollar per person per day)","2021","2021","PPP dollar per person per day","3.694","E","Estimated value"
"CAHD","Cost and Affordability of a Healthy Diet (CoAHD)","328","Guyana","6226","Value","7004","Cost of a healthy diet (PPP dollar per person per day)","2021","2021","PPP dollar per person per day","5.117","E","Estimated value"
"CAHD","Cost and Affordability of a Healthy Diet (CoAHD)","332","Haiti","6226","Value","7004","Cost of a healthy diet (PPP dollar per person per day)","2021","2021","PPP dollar per person per day","4.814","E","Estimated value"
"CAHD","Cost and Affordability of a Healthy Diet (CoAHD)","340","Honduras","6226","Value","7004","Cost of a healthy diet (PPP dollar per person per day)","2021","2021","PPP dollar per person per day","3.595","E","Estimated value"
"CAHD","Cost and Affordability of a Healthy Diet (CoAHD)","348","Hungary","6226","Value","7004","Cost of a healthy diet (PPP dollar per person per day)","2021","2021","PPP dollar per person per day","3.418","E","Estimated value"
"CAHD","Cost and Affordability of a Healthy Diet (CoAHD)","352","Iceland","6226","Value","7004","Cost of a healthy diet (PPP dollar per person per day)","2021","2021","PPP dollar per person per day","2.416","E","Estimated value"
"CAHD","Cost and Affordability of a Healthy Diet (CoAHD)","356","India","6226","Value","7004","Cost of a healthy diet (PPP dollar per person per day)","2021","2021","PPP dollar per person per day","3.066","E","Estimated value"
"CAHD","Cost and Affordability of a Healthy Diet (CoAHD)","360","Indonesia","6226","Value","7004","Cost of a healthy diet (PPP dollar per person per day)","2021","2021","PPP dollar per person per day","4.729","E","Estimated value"
"CAHD","Cost and Affordability of a Healthy Diet (CoAHD)","364","Iran (Islamic Republic of)","6226","Value","7004","Cost of a healthy diet (PPP dollar per person per day)","2021","2021","PPP dollar per person per day","4.167","E","Estimated value"
"CAHD","Cost and Affordability of a Healthy Diet (CoAHD)","368","Iraq","6226","Value","7004","Cost of a healthy diet (PPP dollar per person per day)","2021","2021","PPP dollar per person per day","3.665","E","Estimated value"
"CAHD","Cost and Affordability of a Healthy Diet (CoAHD)","372","Ireland","6226","Value","7004","Cost of a healthy diet (PPP dollar per person per day)","2021","2021","PPP dollar per person per day","2.15","E","Estimated value"
"CAHD","Cost and Affordability of a Healthy Diet (CoAHD)","376","Israel","6226","Value","7004","Cost of a healthy diet (PPP dollar per person per day)","2021","2021","PPP dollar per person per day","2.524","E","Estimated value"
"CAHD","Cost and Affordability of a Healthy Diet (CoAHD)","380","Italy","6226","Value","7004","Cost of a healthy diet (PPP dollar per person per day)","2021","2021","PPP dollar per person per day","3.168","E","Estimated value"
"CAHD","Cost and Affordability of a Healthy Diet (CoAHD)","388","Jamaica","6226","Value","7004","Cost of a healthy diet (PPP dollar per person per day)","2021","2021","PPP dollar per person per day","7.033","E","Estimated value"
"CAHD","Cost and Affordability of a Healthy Diet (CoAHD)","392","Japan","6226","Value","7004","Cost of a healthy diet (PPP dollar per person per day)","2021","2021","PPP dollar per person per day","5.638","E","Estimated value"
"CAHD","Cost and Affordability of a Healthy Diet (CoAHD)","400","Jordan","6226","Value","7004","Cost of a healthy diet (PPP dollar per person per day)","2021","2021","PPP dollar per person per day","3.737","E","Estimated value"
"CAHD","Cost and Affordability of a Healthy Diet (CoAHD)","398","Kazakhstan","6226","Value","7004","Cost of a healthy diet (PPP dollar per person per day)","2021","2021","PPP dollar per person per day","2.852","E","Estimated value"
"CAHD","Cost and Affordability of a Healthy Diet (CoAHD)","404","Kenya","6226","Value","7004","Cost of a healthy diet (PPP dollar per person per day)","2021","2021","PPP dollar per person per day","3.189","E","Estimated value"
"CAHD","Cost and Affordability of a Healthy Diet (CoAHD)","414","Kuwait","6226","Value","7004","Cost of a healthy diet (PPP dollar per person per day)","2021","2021","PPP dollar per person per day","3.997","E","Estimated value"
"CAHD","Cost and Affordability of a Healthy Diet (CoAHD)","417","Kyrgyzstan","6226","Value","7004","Cost of a healthy diet (PPP dollar per person per day)","2021","2021","PPP dollar per person per day","3.51","E","Estimated value"
"CAHD","Cost and Affordability of a Healthy Diet (CoAHD)","418","Lao People's Democratic Republic","6226","Value","7004","Cost of a healthy diet (PPP dollar per person per day)","2021","2021","PPP dollar per person per day","4.305","E","Estimated value"
"CAHD","Cost and Affordability of a Healthy Diet (CoAHD)","428","Latvia","6226","Value","7004","Cost of a healthy diet (PPP dollar per person per day)","2021","2021","PPP dollar per person per day","3.254","E","Estimated value"
"CAHD","Cost and Affordability of a Healthy Diet (CoAHD)","426","Lesotho","6226","Value","7004","Cost of a healthy diet (PPP dollar per person per day)","2021","2021","PPP dollar per person per day","4.618","E","Estimated value"
"CAHD","Cost and Affordability of a Healthy Diet (CoAHD)","430","Liberia","6226","Value","7004","Cost of a healthy diet (PPP dollar per person per day)","2021","2021","PPP dollar per person per day","4.447","E","Estimated value"
"CAHD","Cost and Affordability of a Healthy Diet (CoAHD)","440","Lithuania","6226","Value","7004","Cost of a healthy diet (PPP dollar per person per day)","2021","2021","PPP dollar per person per day","3.108","E","Estimated value"
"CAHD","Cost and Affordability of a Healthy Diet (CoAHD)","442","Luxembourg","6226","Value","7004","Cost of a healthy diet (PPP dollar per person per day)","2021","2021","PPP dollar per person per day","2.59","E","Estimated value"
"CAHD","Cost and Affordability of a Healthy Diet (CoAHD)","450","Madagascar","6226","Value","7004","Cost of a healthy diet (PPP dollar per person per day)","2021","2021","PPP dollar per person per day","3.382","E","Estimated value"
"CAHD","Cost and Affordability of a Healthy Diet (CoAHD)","454","Malawi","6226","Value","7004","Cost of a healthy diet (PPP dollar per person per day)","2021","2021","PPP dollar per person per day","3.365","E","Estimated value"
"CAHD","Cost and Affordability of a Healthy Diet (CoAHD)","458","Malaysia","6226","Value","7004","Cost of a healthy diet (PPP dollar per person per day)","2021","2021","PPP dollar per person per day","3.679","E","Estimated value"
"CAHD","Cost and Affordability of a Healthy Diet (CoAHD)","462","Maldives","6226","Value","7004","Cost of a healthy diet (PPP dollar per person per day)","2021","2021","PPP dollar per person per day","4.095","E","Estimated value"
"CAHD","Cost and Affordability of a Healthy Diet (CoAHD)","466","Mali","6226","Value","7004","Cost of a healthy diet (PPP dollar per person per day)","2021","2021","PPP dollar per person per day","3.23","E","Estimated value"
"CAHD","Cost and Affordability of a Healthy Diet (CoAHD)","470","Malta","6226","Value","7004","Cost of a healthy diet (PPP dollar per person per day)","2021","2021","PPP dollar per person per day","3.917","E","Estimated value"
"CAHD","Cost and Affordability of a Healthy Diet (CoAHD)","478","Mauritania","6226","Value","7004","Cost of a healthy diet (PPP dollar per person per day)","2021","2021","PPP dollar per person per day","3.948","E","Estimated value"
"CAHD","Cost and Affordability of a Healthy Diet (CoAHD)","480","Mauritius","6226","Value","7004","Cost of a healthy diet (PPP dollar per person per day)","2021","2021","PPP dollar per person per day","3.785","E","Estimated value"
"CAHD","Cost and Affordability of a Healthy Diet (CoAHD)","484","Mexico","6226","Value","7004","Cost of a healthy diet (PPP dollar per person per day)","2021","2021","PPP dollar per person per day","3.205","E","Estimated value"
"CAHD","Cost and Affordability of a Healthy Diet (CoAHD)","496","Mongolia","6226","Value","7004","Cost of a healthy diet (PPP dollar per person per day)","2021","2021","PPP dollar per person per day","5.676","E","Estimated value"
"CAHD","Cost and Affordability of a Healthy Diet (CoAHD)","499","Montenegro","6226","Value","7004","Cost of a healthy diet (PPP dollar per person per day)","2021","2021","PPP dollar per person per day","3.673","E","Estimated value"
"CAHD","Cost and Affordability of a Healthy Diet (CoAHD)","504","Morocco","6226","Value","7004","Cost of a healthy diet (PPP dollar per person per day)","2021","2021","PPP dollar per person per day","2.905","E","Estimated value"
"CAHD","Cost and Affordability of a Healthy Diet (CoAHD)","508","Mozambique","6226","Value","7004","Cost of a healthy diet (PPP dollar per person per day)","2021","2021","PPP dollar per person per day","3.548","E","Estimated value"
"CAHD","Cost and Affordability of a Healthy Diet (CoAHD)","104","Myanmar","6226","Value","7004","Cost of a healthy diet (PPP dollar per person per day)","2021","2021","PPP dollar per person per day","4.206","E","Estimated value"
"CAHD","Cost and Affordability of a Healthy Diet (CoAHD)","516","Namibia","6226","Value","7004","Cost of a healthy diet (PPP dollar per person per day)","2021","2021","PPP dollar per person per day","3.761","E","Estimated value"
"CAHD","Cost and Affordability of a Healthy Diet (CoAHD)","524","Nepal","6226","Value","7004","Cost of a healthy diet (PPP dollar per person per day)","2021","2021","PPP dollar per person per day","4.621","E","Estimated value"
"CAHD","Cost and Affordability of a Healthy Diet (CoAHD)","528","Netherlands (Kingdom of the)","6226","Value","7004","Cost of a healthy diet (PPP dollar per person per day)","2021","2021","PPP dollar per person per day","2.963","E","Estimated value"
"CAHD","Cost and Affordability of a Healthy Diet (CoAHD)","554","New Zealand","6226","Value","7004","Cost of a healthy diet (PPP dollar per person per day)","2021","2021","PPP dollar per person per day","2.797","E","Estimated value"
"CAHD","Cost and Affordability of a Healthy Diet (CoAHD)","558","Nicaragua","6226","Value","7004","Cost of a healthy diet (PPP dollar per person per day)","2021","2021","PPP dollar per person per day","3.54","E","Estimated value"
"CAHD","Cost and Affordability of a Healthy Diet (CoAHD)","562","Niger","6226","Value","7004","Cost of a healthy diet (PPP dollar per person per day)","2021","2021","PPP dollar per person per day","3.155","E","Estimated value"
"CAHD","Cost and Affordability of a Healthy Diet (CoAHD)","566","Nigeria","6226","Value","7004","Cost of a healthy diet (PPP dollar per person per day)","2021","2021","PPP dollar per person per day","4.325","E","Estimated value"
"CAHD","Cost and Affordability of a Healthy Diet (CoAHD)","807","North Macedonia","6226","Value","7004","Cost of a healthy diet (PPP dollar per person per day)","2021","2021","PPP dollar per person per day","3.616","E","Estimated value"
"CAHD","Cost and Affordability of a Healthy Diet (CoAHD)","578","Norway","6226","Value","7004","Cost of a healthy diet (PPP dollar per person per day)","2021","2021","PPP dollar per person per day","3.361","E","Estimated value"
"CAHD","Cost and Affordability of a Healthy Diet (CoAHD)","512","Oman","6226","Value","7004","Cost of a healthy diet (PPP dollar per person per day)","2021","2021","PPP dollar per person per day","3.141","E","Estimated value"
"CAHD","Cost and Affordability of a Healthy Diet (CoAHD)","586","Pakistan","6226","Value","7004","Cost of a healthy diet (PPP dollar per person per day)","2021","2021","PPP dollar per person per day","3.893","E","Estimated value"
"CAHD","Cost and Affordability of a Healthy Diet (CoAHD)","275","Palestine","6226","Value","7004","Cost of a healthy diet (PPP dollar per person per day)","2021","2021","PPP dollar per person per day","3.285","E","Estimated value"
"CAHD","Cost and Affordability of a Healthy Diet (CoAHD)","591","Panama","6226","Value","7004","Cost of a healthy diet (PPP dollar per person per day)","2021","2021","PPP dollar per person per day","4.687","E","Estimated value"
"CAHD","Cost and Affordability of a Healthy Diet (CoAHD)","600","Paraguay","6226","Value","7004","Cost of a healthy diet (PPP dollar per person per day)","2021","2021","PPP dollar per person per day","3.867","E","Estimated value"
"CAHD","Cost and Affordability of a Healthy Diet (CoAHD)","604","Peru","6226","Value","7004","Cost of a healthy diet (PPP dollar per person per day)","2021","2021","PPP dollar per person per day","3.334","E","Estimated value"
"CAHD","Cost and Affordability of a Healthy Diet (CoAHD)","608","Philippines","6226","Value","7004","Cost of a healthy diet (PPP dollar per person per day)","2021","2021","PPP dollar per person per day","4.364","E","Estimated value"
"CAHD","Cost and Affordability of a Healthy Diet (CoAHD)","616","Poland","6226","Value","7004","Cost of a healthy diet (PPP dollar per person per day)","2021","2021","PPP dollar per person per day","3.155","E","Estimated value"
"CAHD","Cost and Affordability of a Healthy Diet (CoAHD)","620","Portugal","6226","Value","7004","Cost of a healthy diet (PPP dollar per person per day)","2021","2021","PPP dollar per person per day","2.651","E","Estimated value"
"CAHD","Cost and Affordability of a Healthy Diet (CoAHD)","634","Qatar","6226","Value","7004","Cost of a healthy diet (PPP dollar per person per day)","2021","2021","PPP dollar per person per day","2.708","E","Estimated value"
"CAHD","Cost and Affordability of a Healthy Diet (CoAHD)","410","Republic of Korea","6226","Value","7004","Cost of a healthy diet (PPP dollar per person per day)","2021","2021","PPP dollar per person per day","5.34","E","Estimated value"
"CAHD","Cost and Affordability of a Healthy Diet (CoAHD)","498","Republic of Moldova","6226","Value","7004","Cost of a healthy diet (PPP dollar per person per day)","2021","2021","PPP dollar per person per day","2.998","E","Estimated value"
"CAHD","Cost and Affordability of a Healthy Diet (CoAHD)","642","Romania","6226","Value","7004","Cost of a healthy diet (PPP dollar per person per day)","2021","2021","PPP dollar per person per day","3.253","E","Estimated value"
"CAHD","Cost and Affordability of a Healthy Diet (CoAHD)","643","Russian Federation","6226","Value","7004","Cost of a healthy diet (PPP dollar per person per day)","2021","2021","PPP dollar per person per day","3.678","E","Estimated value"
"CAHD","Cost and Affordability of a Healthy Diet (CoAHD)","646","Rwanda","6226","Value","7004","Cost of a healthy diet (PPP dollar per person per day)","2021","2021","PPP dollar per person per day","2.718","E","Estimated value"
"CAHD","Cost and Affordability of a Healthy Diet (CoAHD)","659","Saint Kitts and Nevis","6226","Value","7004","Cost of a healthy diet (PPP dollar per person per day)","2021","2021","PPP dollar per person per day","3.526","E","Estimated value"
"CAHD","Cost and Affordability of a Healthy Diet (CoAHD)","662","Saint Lucia","6226","Value","7004","Cost of a healthy diet (PPP dollar per person per day)","2021","2021","PPP dollar per person per day","3.673","E","Estimated value"
"CAHD","Cost and Affordability of a Healthy Diet (CoAHD)","670","Saint Vincent and the Grenadines","6226","Value","7004","Cost of a healthy diet (PPP dollar per person per day)","2021","2021","PPP dollar per person per day","4.697","E","Estimated value"
"CAHD","Cost and Affordability of a Healthy Diet (CoAHD)","678","Sao Tome and Principe","6226","Value","7004","Cost of a healthy diet (PPP dollar per person per day)","2021","2021","PPP dollar per person per day","3.869","E","Estimated value"
"CAHD","Cost and Affordability of a Healthy Diet (CoAHD)","682","Saudi Arabia","6226","Value","7004","Cost of a healthy diet (PPP dollar per person per day)","2021","2021","PPP dollar per person per day","4.441","E","Estimated value"
"CAHD","Cost and Affordability of a Healthy Diet (CoAHD)","686","Senegal","6226","Value","7004","Cost of a healthy diet (PPP dollar per person per day)","2021","2021","PPP dollar per person per day","2.443","E","Estimated value"
"CAHD","Cost and Affordability of a Healthy Diet (CoAHD)","688","Serbia","6226","Value","7004","Cost of a healthy diet (PPP dollar per person per day)","2021","2021","PPP dollar per person per day","4.346","E","Estimated value"
"CAHD","Cost and Affordability of a Healthy Diet (CoAHD)","690","Seychelles","6226","Value","7004","Cost of a healthy diet (PPP dollar per person per day)","2021","2021","PPP dollar per person per day","4.131","E","Estimated value"
"CAHD","Cost and Affordability of a Healthy Diet (CoAHD)","694","Sierra Leone","6226","Value","7004","Cost of a healthy diet (PPP dollar per person per day)","2021","2021","PPP dollar per person per day","3.167","E","Estimated value"
"CAHD","Cost and Affordability of a Healthy Diet (CoAHD)","702","Singapore","6226","Value","7004","Cost of a healthy diet (PPP dollar per person per day)","2021","2021","PPP dollar per person per day","3.186","E","Estimated value"
"CAHD","Cost and Affordability of a Healthy Diet (CoAHD)","534","Sint Maarten (Dutch part)","6226","Value","7004","Cost of a healthy diet (PPP dollar per person per day)","2021","2021","PPP dollar per person per day","5.273","E","Estimated value"
"CAHD","Cost and Affordability of a Healthy Diet (CoAHD)","703","Slovakia","6226","Value","7004","Cost of a healthy diet (PPP dollar per person per day)","2021","2021","PPP dollar per person per day","3.198","E","Estimated value"
"CAHD","Cost and Affordability of a Healthy Diet (CoAHD)","705","Slovenia","6226","Value","7004","Cost of a healthy diet (PPP dollar per person per day)","2021","2021","PPP dollar per person per day","3.038","E","Estimated value"
"CAHD","Cost and Affordability of a Healthy Diet (CoAHD)","710","South Africa","6226","Value","7004","Cost of a healthy diet (PPP dollar per person per day)","2021","2021","PPP dollar per person per day","4.565","E","Estimated value"
"CAHD","Cost and Affordability of a Healthy Diet (CoAHD)","724","Spain","6226","Value","7004","Cost of a healthy diet (PPP dollar per person per day)","2021","2021","PPP dollar per person per day","2.879","E","Estimated value"
"CAHD","Cost and Affordability of a Healthy Diet (CoAHD)","144","Sri Lanka","6226","Value","7004","Cost of a healthy diet (PPP dollar per person per day)","2021","2021","PPP dollar per person per day","4.268","E","Estimated value"
"CAHD","Cost and Affordability of a Healthy Diet (CoAHD)","729","Sudan","6226","Value","7004","Cost of a healthy diet (PPP dollar per person per day)","2021","2021","PPP dollar per person per day","3.081","E","Estimated value"
"CAHD","Cost and Affordability of a Healthy Diet (CoAHD)","740","Suriname","6226","Value","7004","Cost of a healthy diet (PPP dollar per person per day)","2021","2021","PPP dollar per person per day","6.09","E","Estimated value"
"CAHD","Cost and Affordability of a Healthy Diet (CoAHD)","752","Sweden","6226","Value","7004","Cost of a healthy diet (PPP dollar per person per day)","2021","2021","PPP dollar per person per day","3.279","E","Estimated value"
"CAHD","Cost and Affordability of a Healthy Diet (CoAHD)","756","Switzerland","6226","Value","7004","Cost of a healthy diet (PPP dollar per person per day)","2021","2021","PPP dollar per person per day","2.619","E","Estimated value"
"CAHD","Cost and Affordability of a Healthy Diet (CoAHD)","762","Tajikistan","6226","Value","7004","Cost of a healthy diet (PPP dollar per person per day)","2021","2021","PPP dollar per person per day","3.61","E","Estimated value"
"CAHD","Cost and Affordability of a Healthy Diet (CoAHD)","764","Thailand","6226","Value","7004","Cost of a healthy diet (PPP dollar per person per day)","2021","2021","PPP dollar per person per day","4.463","E","Estimated value"
"CAHD","Cost and Affordability of a Healthy Diet (CoAHD)","780","Trinidad and Tobago","6226","Value","7004","Cost of a healthy diet (PPP dollar per person per day)","2021","2021","PPP dollar per person per day","4.524","E","Estimated value"
"CAHD","Cost and Affordability of a Healthy Diet (CoAHD)","788","Tunisia","6226","Value","7004","Cost of a healthy diet (PPP dollar per person per day)","2021","2021","PPP dollar per person per day","3.833","E","Estimated value"
"CAHD","Cost and Affordability of a Healthy Diet (CoAHD)","792","Türkiye","6226","Value","7004","Cost of a healthy diet (PPP dollar per person per day)","2021","2021","PPP dollar per person per day","3.109","E","Estimated value"
"CAHD","Cost and Affordability of a Healthy Diet (CoAHD)","796","Turks and Caicos Islands","6226","Value","7004","Cost of a healthy diet (PPP dollar per person per day)","2021","2021","PPP dollar per person per day","3.229","E","Estimated value"
"CAHD","Cost and Affordability of a Healthy Diet (CoAHD)","800","Uganda","6226","Value","7004","Cost of a healthy diet (PPP dollar per person per day)","2021","2021","PPP dollar per person per day","2.774","E","Estimated value"
"CAHD","Cost and Affordability of a Healthy Diet (CoAHD)","784","United Arab Emirates","6226","Value","7004","Cost of a healthy diet (PPP dollar per person per day)","2021","2021","PPP dollar per person per day","3.269","E","Estimated value"
"CAHD","Cost and Affordability of a Healthy Diet (CoAHD)","826","United Kingdom of Great Britain and Northern Ireland","6226","Value","7004","Cost of a healthy diet (PPP dollar per person per day)","2021","2021","PPP dollar per person per day","1.95","E","Estimated value"
"CAHD","Cost and Affordability of a Healthy Diet (CoAHD)","834","United Republic of Tanzania","6226","Value","7004","Cost of a healthy diet (PPP dollar per person per day)","2021","2021","PPP dollar per person per day","2.866","E","Estimated value"
"CAHD","Cost and Affordability of a Healthy Diet (CoAHD)","840","United States of America","6226","Value","7004","Cost of a healthy diet (PPP dollar per person per day)","2021","2021","PPP dollar per person per day","3.5","E","Estimated value"
"CAHD","Cost and Affordability of a Healthy Diet (CoAHD)","858","Uruguay","6226","Value","7004","Cost of a healthy diet (PPP dollar per person per day)","2021","2021","PPP dollar per person per day","3.543","E","Estimated value"
"CAHD","Cost and Affordability of a Healthy Diet (CoAHD)","704","Viet Nam","6226","Value","7004","Cost of a healthy diet (PPP dollar per person per day)","2021","2021","PPP dollar per person per day","4.216","E","Estimated value"
"CAHD","Cost and Affordability of a Healthy Diet (CoAHD)","894","Zambia","6226","Value","7004","Cost of a healthy diet (PPP dollar per person per day)","2021","2021","PPP dollar per person per day","3.616","E","Estimated value"
"CAHD","Cost and Affordability of a Healthy Diet (CoAHD)","716","Zimbabwe","6226","Value","7004","Cost of a healthy diet (PPP dollar per person per day)","2021","2021","PPP dollar per person per day","","Q","Missing value; suppressed"
